Predictor variable,Categorical,Sample average
bio16,false,550.9692307692308
bio4,false,1219.7641025641026
gpw2000_30_sec,false,262.9844327070774
simplelc2000,true,2.0
