Predictor variable,Categorical,Sample average
bio16,false,547.4205128205128
bio4,false,1242.8410256410257
gpw2000_30_sec,false,306.4242795430697
simplelc2000,true,2.0
