Predictor variable,Categorical,Sample average
bio16,false,597.1803278688525
bio4,false,1002.4754098360655
gpw2000_30_sec,false,207.16219695669704
swa_2000lulc_2km,true,8.0
