Predictor variable,Categorical,Sample average
bio16,false,582.6451612903226
bio4,false,1007.4516129032259
gpw2000_30_sec,false,208.32585525512695
swa_2000lulc_2km,true,21.0
