Predictor variable,Categorical,Sample average
bio16,false,591.7096774193549
bio4,false,1008.3548387096774
gpw2000_30_sec,false,211.29693323566067
swa_2000lulc_2km,true,8.0
