Predictor variable,Categorical,Sample average
bio16,false,556.8776978417267
bio4,false,1179.7293165467627
gpw2000_30_sec,false,196.77044690084114
swa_2000lulc_2km,true,8.0
