Predictor variable,Categorical,Sample average
bio16,false,557.7904676258993
bio4,false,1175.6924460431655
gpw2000_30_sec,false,195.61289711521684
swa_2000lulc_2km,true,8.0
