Predictor variable,Categorical,Sample average
bio16,false,559.4856115107914
bio4,false,1182.0539568345323
gpw2000_30_sec,false,184.95497664873548
swa_2000lulc_2km,true,8.0
