Predictor variable,Categorical,Sample average
bio16,false,563.8257042253521
bio4,false,1202.5985915492959
gpw2000_30_sec,false,216.41644866113933
swa_2000lulc_2km,true,8.0
