Predictor variable,Categorical,Sample average
bio16,false,566.2746478873239
bio4,false,1203.0387323943662
gpw2000_30_sec,false,222.24238448327696
swa_2000lulc_2km,true,8.0
