Predictor variable,Categorical,Sample average
bio16,false,564.9330985915493
bio4,false,1192.9841549295775
gpw2000_30_sec,false,203.83785676788276
swa_2000lulc_2km,true,8.0
