Predictor variable,Categorical,Sample average
bio16,false,557.5589887640449
bio4,false,1212.5112359550562
gpw2000_30_sec,false,250.83163493001058
swa_2000lulc_2km,true,2.0
