Predictor variable,Categorical,Sample average
bio16,false,557.5449438202247
bio4,false,1217.4213483146068
gpw2000_30_sec,false,213.26062447569345
swa_2000lulc_2km,true,8.0
