Predictor variable,Categorical,Sample average
bio16,false,555.2247191011236
bio4,false,1196.3932584269662
gpw2000_30_sec,false,231.04487164502734
swa_2000lulc_2km,true,8.0
