Predictor variable,Categorical,Sample average
bio16,false,543.4410256410256
bio4,false,1208.8051282051283
gpw2000_30_sec,false,280.49913456256576
simplelc2000,true,1.0
