Predictor variable,Categorical,Sample average
bio16,false,580.5429864253393
bio4,false,1147.5294117647059
gpw2000_30_sec,false,234.22921014371502
swa_2000lulc_2km,true,8.0
