Predictor variable,Categorical,Sample average
bio16,false,558.5132743362832
bio4,false,1259.8318584070796
gpw2000_30_sec,false,222.08972744393137
simplelc2000,true,4.0
