Predictor variable,Categorical,Sample average
bio16,false,554.6946902654868
bio4,false,1255.7300884955753
gpw2000_30_sec,false,221.89159274312246
simplelc2000,true,2.0
