Predictor variable,Categorical,Sample average
bio16,false,559.0704845814978
bio4,false,1246.8017621145375
gpw2000_30_sec,false,217.5642378949909
simplelc2000,true,4.0
