Predictor variable,Categorical,Sample average
bio16,false,556.8185840707964
bio4,false,1278.3849557522124
gpw2000_30_sec,false,158.13470384926921
simplelc2000,true,4.0
