Predictor variable,Categorical,Sample average
bio16,false,524.9677419354839
bio4,false,1057.4516129032259
gpw2000_30_sec,false,1452.2063183938303
simplelc2000,true,1.0
