Predictor variable,Categorical,Sample average
bio16,false,538.6774193548387
bio4,false,1040.4516129032259
gpw2000_30_sec,false,942.6262145503874
simplelc2000,true,1.0
