Predictor variable,Categorical,Sample average
bio16,false,513.8666666666667
bio4,false,1062.5666666666666
gpw2000_30_sec,false,1259.2367411295572
simplelc2000,true,1.0
