Predictor variable,Categorical,Sample average
bio16,false,538.8333333333334
bio4,false,1040.3666666666666
gpw2000_30_sec,false,1421.5334747314453
simplelc2000,true,1.0
