Predictor variable,Categorical,Sample average
bio16,false,549.9795918367347
bio4,false,1215.4744897959183
gpw2000_30_sec,false,268.46780220099856
swa_2000lulc_2km,true,2.0
