Predictor variable,Categorical,Sample average
bio16,false,559.8909313725491
bio4,false,1204.6433823529412
gpw2000_30_sec,false,180.2497290437128
simplelc2000,true,4.0
