Predictor variable,Categorical,Sample average
bio16,false,560.3072215422277
bio4,false,1199.4406364749082
gpw2000_30_sec,false,194.4869847875476
simplelc2000,true,4.0
