Predictor variable,Categorical,Sample average
bio16,false,557.4394124847001
bio4,false,1200.7331701346388
gpw2000_30_sec,false,195.1424897677166
simplelc2000,true,4.0
