Predictor variable,Categorical,Sample average
bio16,false,559.6352509179926
bio4,false,1205.1126070991431
gpw2000_30_sec,false,192.58504299201172
simplelc2000,true,4.0
