Predictor variable,Categorical,Sample average
bio16,false,567.9645161290323
bio4,false,1156.5064516129032
gpw2000_30_sec,false,261.4907327467395
simplelc2000,true,4.0
