Predictor variable,Categorical,Sample average
bio16,false,569.096463022508
bio4,false,1162.0385852090033
gpw2000_30_sec,false,322.54159305639973
simplelc2000,true,1.0
