Predictor variable,Categorical,Sample average
bio16,false,568.0741935483871
bio4,false,1155.1193548387096
gpw2000_30_sec,false,284.8486855599188
simplelc2000,true,4.0
