Predictor variable,Categorical,Sample average
bio16,false,562.8774193548387
bio4,false,1150.958064516129
gpw2000_30_sec,false,317.61793627431314
simplelc2000,true,4.0
