Predictor variable,Categorical,Sample average
bio16,false,554.3039772727273
bio4,false,1215.1477272727273
gpw2000_30_sec,false,261.8783653337847
simplelc2000,true,4.0
