Predictor variable,Categorical,Sample average
bio16,false,555.5539772727273
bio4,false,1204.284090909091
gpw2000_30_sec,false,234.72838398949668
simplelc2000,true,4.0
