Predictor variable,Categorical,Sample average
bio16,false,557.1193181818181
bio4,false,1215.8551136363637
gpw2000_30_sec,false,227.22039905055001
simplelc2000,true,4.0
