Predictor variable,Categorical,Sample average
bio16,false,560.0350877192982
bio4,false,1259.8377192982457
gpw2000_30_sec,false,213.93628060817719
swa_2000lulc_2km,true,2.0
