Predictor variable,Categorical,Sample average
bio16,false,530.7201646090535
bio4,false,1367.4115226337449
gpw2000_30_sec,false,245.97236243000737
swa_2000lulc_2km,true,2.0
