Predictor variable,Categorical,Sample average
bio16,false,558.7340823970037
bio4,false,1150.2022471910113
gpw2000_30_sec,false,207.60240090830942
swa_2000lulc_2km,true,8.0
