Predictor variable,Categorical,Sample average
bio16,false,559.0184659090909
bio4,false,1179.4417613636363
gpw2000_30_sec,false,207.67756830088118
swa_2000lulc_2km,true,8.0
