Predictor variable,Categorical,Sample average
bio16,false,533.6538461538462
bio4,false,1292.2692307692307
gpw2000_30_sec,false,317.9201949192927
simplelc2000,true,4.0
