Predictor variable,Categorical,Sample average
bio16,false,525.2307692307693
bio4,false,1328.9615384615386
gpw2000_30_sec,false,915.4106193505801
simplelc2000,true,4.0
