Predictor variable,Categorical,Sample average
bio16,false,531.5769230769231
bio4,false,1317.6923076923076
gpw2000_30_sec,false,914.9398489181812
simplelc2000,true,4.0
