Predictor variable,Categorical,Sample average
bio16,false,550.0384615384615
bio4,false,1310.6346153846155
gpw2000_30_sec,false,219.63891196021666
simplelc2000,true,2.0
