Predictor variable,Categorical,Sample average
bio16,false,551.9808153477218
bio4,false,1309.7913669064749
gpw2000_30_sec,false,174.6711647927904
simplelc2000,true,2.0
