Predictor variable,Categorical,Sample average
bio16,false,549.9424460431654
bio4,false,1301.6786570743404
gpw2000_30_sec,false,208.5322690787647
simplelc2000,true,2.0
