Predictor variable,Categorical,Sample average
bio16,false,552.5467625899281
bio4,false,1312.8657074340529
gpw2000_30_sec,false,241.62790209269352
simplelc2000,true,2.0
