Predictor variable,Categorical,Sample average
bio16,false,551.5798611111111
bio4,false,1309.4305555555557
gpw2000_30_sec,false,248.50591091149383
simplelc2000,true,2.0
