Predictor variable,Categorical,Sample average
bio16,false,546.1881533101046
bio4,false,1320.5923344947735
gpw2000_30_sec,false,285.9293649404306
simplelc2000,true,2.0
