Predictor variable,Categorical,Sample average
bio16,false,547.993031358885
bio4,false,1306.8675958188153
gpw2000_30_sec,false,218.03332311849562
simplelc2000,true,2.0
