Predictor variable,Categorical,Sample average
bio16,false,547.0348432055749
bio4,false,1304.5853658536585
gpw2000_30_sec,false,251.6633052526866
simplelc2000,true,2.0
