Predictor variable,Categorical,Sample average
bio16,false,561.2829268292683
bio4,false,1202.2317073170732
gpw2000_30_sec,false,195.14216745306805
swa_2000lulc_2km,true,8.0
