Predictor variable,Categorical,Sample average
bio16,false,559.3914634146341
bio4,false,1202.0780487804877
gpw2000_30_sec,false,183.88970919295056
swa_2000lulc_2km,true,8.0
