Predictor variable,Categorical,Sample average
bio16,false,544.4265734265734
bio4,false,1298.1958041958042
gpw2000_30_sec,false,198.93560199137335
swa_2000lulc_2km,true,2.0
