Predictor variable,Categorical,Sample average
bio16,false,541.4335664335664
bio4,false,1286.5454545454545
gpw2000_30_sec,false,274.65726695360837
swa_2000lulc_2km,true,2.0
