Predictor variable,Categorical,Sample average
bio16,false,534.6363636363636
bio4,false,1302.4125874125873
gpw2000_30_sec,false,202.30790712449934
swa_2000lulc_2km,true,2.0
