Predictor variable,Categorical,Sample average
bio16,false,582.1184210526316
bio4,false,990.1842105263158
gpw2000_30_sec,false,334.76438532377546
simplelc2000,true,1.0
