Predictor variable,Categorical,Sample average
bio16,false,591.4605263157895
bio4,false,988.4868421052631
gpw2000_30_sec,false,275.90818164223117
simplelc2000,true,1.0
