Predictor variable,Categorical,Sample average
bio16,false,583.2631578947369
bio4,false,991.4736842105264
gpw2000_30_sec,false,268.74707121598095
simplelc2000,true,1.0
