Predictor variable,Categorical,Sample average
bio16,false,561.992277992278
bio4,false,1152.2895752895754
gpw2000_30_sec,false,291.30181779272306
simplelc2000,true,1.0
