Predictor variable,Categorical,Sample average
bio16,false,568.0849420849421
bio4,false,1141.4362934362935
gpw2000_30_sec,false,254.60375231481427
simplelc2000,true,1.0
