Predictor variable,Categorical,Sample average
bio16,false,568.1692307692308
bio4,false,1126.8115384615385
gpw2000_30_sec,false,193.7991807644184
simplelc2000,true,1.0
