Predictor variable,Categorical,Sample average
bio16,false,566.2588028169014
bio4,false,1193.838028169014
gpw2000_30_sec,false,216.01311871703243
simplelc2000,true,4.0
