Predictor variable,Categorical,Sample average
bio16,false,564.5598591549295
bio4,false,1201.963028169014
gpw2000_30_sec,false,216.27068853126445
simplelc2000,true,4.0
