Predictor variable,Categorical,Sample average
bio16,false,565.7570422535211
bio4,false,1201.8327464788733
gpw2000_30_sec,false,219.79718395605894
simplelc2000,true,4.0
