Predictor variable,Categorical,Sample average
bio16,false,556.4519317160826
bio4,false,1176.5426774483378
gpw2000_30_sec,false,199.93597693927418
simplelc2000,true,4.0
