Predictor variable,Categorical,Sample average
bio16,false,557.4361510791367
bio4,false,1172.8291366906474
gpw2000_30_sec,false,199.40693905456462
simplelc2000,true,4.0
