Predictor variable,Categorical,Sample average
bio16,false,556.2857142857143
bio4,false,1175.8858939802335
gpw2000_30_sec,false,189.32856995590294
simplelc2000,true,4.0
