Predictor variable,Categorical,Sample average
bio16,false,558.0781671159029
bio4,false,1183.3414195867026
gpw2000_30_sec,false,183.35026028342645
simplelc2000,true,4.0
