Predictor variable,Categorical,Sample average
bio16,false,532.7918552036199
bio4,false,1386.7285067873304
gpw2000_30_sec,false,171.33216129924378
swa_2000lulc_2km,true,2.0
