Predictor variable,Categorical,Sample average
bio16,false,530.4389140271493
bio4,false,1377.4796380090497
gpw2000_30_sec,false,181.80274024160738
swa_2000lulc_2km,true,2.0
