Predictor variable,Categorical,Sample average
bio16,false,531.1221719457013
bio4,false,1387.4570135746606
gpw2000_30_sec,false,146.75095962722915
swa_2000lulc_2km,true,2.0
