Predictor variable,Categorical,Sample average
bio16,false,533.0545454545454
bio4,false,1388.6545454545455
gpw2000_30_sec,false,110.76329431100325
swa_2000lulc_2km,true,2.0
