Predictor variable,Categorical,Sample average
bio16,false,532.2307692307693
bio4,false,1387.076923076923
gpw2000_30_sec,false,388.51320066207495
simplelc2000,true,2.0
