Predictor variable,Categorical,Sample average
bio16,false,532.7435897435897
bio4,false,1373.7051282051282
gpw2000_30_sec,false,411.57363669688885
simplelc2000,true,2.0
