Predictor variable,Categorical,Sample average
bio16,false,530.922077922078
bio4,false,1398.5194805194806
gpw2000_30_sec,false,324.98400603331527
simplelc2000,true,2.0
