Predictor variable,Categorical,Sample average
bio16,false,533.8717948717949
bio4,false,1380.551282051282
gpw2000_30_sec,false,288.09137894557074
simplelc2000,true,2.0
