Predictor variable,Categorical,Sample average
bio16,false,531.3102189781022
bio4,false,1392.6423357664235
gpw2000_30_sec,false,180.20931331780704
swa_2000lulc_2km,true,2.0
