Predictor variable,Categorical,Sample average
bio16,false,535.0036496350365
bio4,false,1390.1386861313867
gpw2000_30_sec,false,164.09893756191227
swa_2000lulc_2km,true,2.0
