Predictor variable,Categorical,Sample average
bio16,false,540.8823529411765
bio4,false,1400.5735294117646
gpw2000_30_sec,false,341.1537996039671
simplelc2000,true,2.0
