Predictor variable,Categorical,Sample average
bio16,false,538.3880597014926
bio4,false,1393.5074626865671
gpw2000_30_sec,false,369.44907393384335
simplelc2000,true,2.0
