Predictor variable,Categorical,Sample average
bio16,false,535.3880597014926
bio4,false,1407.2238805970148
gpw2000_30_sec,false,451.5406195298949
simplelc2000,true,2.0
