Predictor variable,Categorical,Sample average
bio16,false,570.5818181818182
bio4,false,1161.6090909090908
gpw2000_30_sec,false,255.91302405053918
simplelc2000,true,1.0
