Predictor variable,Categorical,Sample average
bio16,false,575.1727272727272
bio4,false,1159.5545454545454
gpw2000_30_sec,false,231.9044378150593
simplelc2000,true,4.0
