Predictor variable,Categorical,Sample average
bio16,false,575.5227272727273
bio4,false,1156.6909090909091
gpw2000_30_sec,false,238.22121883088892
simplelc2000,true,4.0
