Predictor variable,Categorical,Sample average
bio16,false,571.5909090909091
bio4,false,1157.3181818181818
gpw2000_30_sec,false,250.1306036017158
simplelc2000,true,4.0
