Predictor variable,Categorical,Sample average
bio16,false,565.2772727272727
bio4,false,1170.3363636363636
gpw2000_30_sec,false,264.90520989894867
simplelc2000,true,4.0
