Predictor variable,Categorical,Sample average
bio16,false,533.6538461538462
bio4,false,1292.2692307692307
gpw2000_30_sec,false,288.20811130450323
swa_2000lulc_2km,true,8.0
