Predictor variable,Categorical,Sample average
bio16,false,558.5396226415095
bio4,false,1150.1245283018868
gpw2000_30_sec,false,284.28513622463873
simplelc2000,true,1.0
