Predictor variable,Categorical,Sample average
bio16,false,557.8188679245283
bio4,false,1152.9358490566037
gpw2000_30_sec,false,265.7976284926792
simplelc2000,true,1.0
