Predictor variable,Categorical,Sample average
bio16,false,565.4415094339622
bio4,false,1151.1132075471698
gpw2000_30_sec,false,243.0244105500995
simplelc2000,true,1.0
