Predictor variable,Categorical,Sample average
bio16,false,560.1169811320755
bio4,false,1150.0452830188678
gpw2000_30_sec,false,241.06032373140442
simplelc2000,true,1.0
