Predictor variable,Categorical,Sample average
bio16,false,531.4426229508197
bio4,false,1349.4754098360656
gpw2000_30_sec,false,222.19901058712944
simplelc2000,true,2.0
