Predictor variable,Categorical,Sample average
bio16,false,530.5532786885246
bio4,false,1371.3360655737704
gpw2000_30_sec,false,243.49358151193525
simplelc2000,true,2.0
