Predictor variable,Categorical,Sample average
bio16,false,530.9180327868852
bio4,false,1353.9016393442623
gpw2000_30_sec,false,144.4827659462319
simplelc2000,true,2.0
