Predictor variable,Categorical,Sample average
bio16,false,532.7991803278688
bio4,false,1352.2745901639344
gpw2000_30_sec,false,208.97505611083545
simplelc2000,true,2.0
