Predictor variable,Categorical,Sample average
bio16,false,560.3799435028249
bio4,false,1182.8262711864406
gpw2000_30_sec,false,214.96714194346282
simplelc2000,true,4.0
