Predictor variable,Categorical,Sample average
bio16,false,556.6031073446328
bio4,false,1193.4887005649719
gpw2000_30_sec,false,194.55593180521734
simplelc2000,true,4.0
