Predictor variable,Categorical,Sample average
bio16,false,559.7994350282486
bio4,false,1196.9166666666667
gpw2000_30_sec,false,202.5400219563037
simplelc2000,true,4.0
