Predictor variable,Categorical,Sample average
bio16,false,559.4449152542373
bio4,false,1182.0819209039548
gpw2000_30_sec,false,222.77164387500892
simplelc2000,true,4.0
