Predictor variable,Categorical,Sample average
bio16,false,558.6144067796611
bio4,false,1187.6525423728813
gpw2000_30_sec,false,209.18736366228867
simplelc2000,true,4.0
