Predictor variable,Categorical,Sample average
bio16,false,550.9454976303317
bio4,false,1329.5995260663508
gpw2000_30_sec,false,216.89846931927576
swa_2000lulc_2km,true,2.0
