Predictor variable,Categorical,Sample average
bio16,false,551.7227488151659
bio4,false,1314.3151658767772
gpw2000_30_sec,false,197.13385833044188
swa_2000lulc_2km,true,2.0
