Predictor variable,Categorical,Sample average
bio16,false,551.6973995271868
bio4,false,1311.6193853427897
gpw2000_30_sec,false,204.68664029529472
swa_2000lulc_2km,true,2.0
