Predictor variable,Categorical,Sample average
bio16,false,539.2388059701492
bio4,false,1391.9850746268658
gpw2000_30_sec,false,460.09855414860283
swa_2000lulc_2km,true,2.0
