Predictor variable,Categorical,Sample average
bio16,false,543.0454545454545
bio4,false,1406.7272727272727
gpw2000_30_sec,false,310.43194827888954
swa_2000lulc_2km,true,2.0
