Predictor variable,Categorical,Sample average
bio16,false,567.5559845559845
bio4,false,1130.3204633204634
gpw2000_30_sec,false,251.61728022549605
swa_2000lulc_2km,true,8.0
