Predictor variable,Categorical,Sample average
bio16,false,562.6177606177606
bio4,false,1141.5521235521235
gpw2000_30_sec,false,250.89298403309118
swa_2000lulc_2km,true,8.0
