Predictor variable,Categorical,Sample average
bio16,false,564.6332046332046
bio4,false,1154.3050193050194
gpw2000_30_sec,false,253.90302824329686
swa_2000lulc_2km,true,8.0
