Predictor variable,Categorical,Sample average
bio16,false,566.5559845559845
bio4,false,1123.6447876447876
gpw2000_30_sec,false,288.40801742546347
swa_2000lulc_2km,true,8.0
