Predictor variable,Categorical,Sample average
bio16,false,558.9053133514986
bio4,false,1215.7854223433242
gpw2000_30_sec,false,168.88742094890947
swa_2000lulc_2km,true,8.0
