Predictor variable,Categorical,Sample average
bio16,false,559.3712534059946
bio4,false,1221.8079019073568
gpw2000_30_sec,false,170.90047039842736
swa_2000lulc_2km,true,8.0
