Predictor variable,Categorical,Sample average
bio16,false,565.0159744408945
bio4,false,1161.8594249201278
gpw2000_30_sec,false,279.27767010618703
swa_2000lulc_2km,true,8.0
