Predictor variable,Categorical,Sample average
bio16,false,568.3099041533546
bio4,false,1153.5015974440894
gpw2000_30_sec,false,223.98927870040504
swa_2000lulc_2km,true,8.0
