Predictor variable,Categorical,Sample average
bio16,false,559.2452445652174
bio4,false,1211.3396739130435
gpw2000_30_sec,false,168.84982122578052
simplelc2000,true,4.0
