Predictor variable,Categorical,Sample average
bio16,false,559.1589673913044
bio4,false,1216.1297554347825
gpw2000_30_sec,false,171.67496998316568
simplelc2000,true,4.0
