Predictor variable,Categorical,Sample average
bio16,false,558.0930706521739
bio4,false,1221.9673913043478
gpw2000_30_sec,false,158.30808803698292
simplelc2000,true,4.0
