Predictor variable,Categorical,Sample average
bio16,false,533.3318181818182
bio4,false,1392.7818181818182
gpw2000_30_sec,false,173.7350723244927
simplelc2000,true,2.0
