Predictor variable,Categorical,Sample average
bio16,false,531.7818181818182
bio4,false,1378.7863636363636
gpw2000_30_sec,false,168.49192923632535
simplelc2000,true,2.0
