Predictor variable,Categorical,Sample average
bio16,false,530.0772727272728
bio4,false,1378.3363636363636
gpw2000_30_sec,false,180.01885411522605
simplelc2000,true,2.0
