Predictor variable,Categorical,Sample average
bio16,false,531.7074074074075
bio4,false,1381.2407407407406
gpw2000_30_sec,false,167.7973001939279
simplelc2000,true,2.0
