Predictor variable,Categorical,Sample average
bio16,false,532.5296296296297
bio4,false,1394.0296296296297
gpw2000_30_sec,false,179.56314341050606
simplelc2000,true,2.0
