Predictor variable,Categorical,Sample average
bio16,false,532.4102564102565
bio4,false,1374.2692307692307
gpw2000_30_sec,false,400.40576989834125
swa_2000lulc_2km,true,2.0
