Predictor variable,Categorical,Sample average
bio16,false,532.1666666666666
bio4,false,1387.3461538461538
gpw2000_30_sec,false,379.73202185141736
swa_2000lulc_2km,true,2.0
