Predictor variable,Categorical,Sample average
bio16,false,533.6153846153846
bio4,false,1381.1666666666667
gpw2000_30_sec,false,272.50141776525055
swa_2000lulc_2km,true,2.0
