Predictor variable,Categorical,Sample average
bio16,false,586.2833333333333
bio4,false,1007.8333333333334
gpw2000_30_sec,false,213.26974511146545
simplelc2000,true,1.0
