Predictor variable,Categorical,Sample average
bio16,false,590.8524590163935
bio4,false,1008.4426229508197
gpw2000_30_sec,false,201.01798915863037
simplelc2000,true,1.0
