Predictor variable,Categorical,Sample average
bio16,false,588.983606557377
bio4,false,1004.8524590163935
gpw2000_30_sec,false,213.59282534239722
simplelc2000,true,1.0
