Predictor variable,Categorical,Sample average
bio16,false,590.8852459016393
bio4,false,1004.2295081967213
gpw2000_30_sec,false,215.2958640270546
simplelc2000,true,1.0
