Predictor variable,Categorical,Sample average
bio16,false,582.5737704918033
bio4,false,1006.639344262295
gpw2000_30_sec,false,118.41661539234099
simplelc2000,true,1.0
